,id,true,hb,err[%]
0,0,366.8667,374.2237,2.0054
1,1,384.7500,378.8728,1.5275
2,2,405.9167,395.6362,2.5327
3,3,394.0833,393.2000,0.2242
4,4,407.4167,400.8816,1.6040
5,5,451.1667,489.7676,8.5558
6,6,428.5833,474.0721,10.6138
7,7,372.6667,358.5327,3.7927
8,8,367.4167,379.9581,3.4134
9,9,308.4000,322.7737,4.6607
10,10,388.0000,393.2000,1.3402
11,11,394.5833,398.2622,0.9323
12,12,385.0833,374.2415,2.8154
13,13,402.5000,386.8123,3.8976
14,14,394.8333,373.2900,5.4563
15,15,380.0000,379.0876,0.2401
16,16,409.5833,390.9356,4.5529
17,17,395.7500,378.2353,4.4257
18,18,389.0833,390.9356,0.4761
19,19,401.1667,382.6859,4.6067
20,20,404.4167,393.2557,2.7598
21,21,443.0833,465.1168,4.9728
22,22,333.8333,350.6411,5.0348
23,23,404.5000,377.4008,6.6994
24,24,354.1667,355.4590,0.3649
25,25,368.5833,382.6859,3.8262
26,26,328.2833,327.6992,0.1780
27,27,379.1667,373.1049,1.5987
28,28,431.7500,406.8444,5.7685
29,29,388.6667,377.4008,2.8986
30,30,396.4167,379.0876,4.3714
31,31,370.2500,366.3892,1.0427
32,32,343.3333,336.0767,2.1136
33,33,337.5833,346.1414,2.5351
34,34,330.7333,345.5428,4.4778
35,35,395.9167,380.8477,3.8061
36,36,385.8333,382.6859,0.8157
37,37,335.4167,332.8696,0.7594
38,38,350.3333,356.2251,1.6818
39,39,346.5000,357.1262,3.0667
40,40,370.9167,371.3134,0.1069
41,41,411.2500,389.2684,5.3451
42,42,398.5833,400.9683,0.5984
43,43,292.6333,318.1821,8.7307
44,44,426.5000,386.1074,9.4707
45,45,369.5000,373.0703,0.9662
46,46,404.5833,391.4513,3.2458
47,47,386.0833,370.2618,4.0979
48,48,362.6667,353.3741,2.5623
49,49,310.2000,336.7061,8.5448
50,50,319.6167,325.4523,1.8258
51,51,404.0833,399.5972,1.1102
52,52,341.6167,350.0705,2.4746
53,53,372.4167,369.7526,0.7153
54,54,368.2500,371.6226,0.9158
55,55,367.4167,366.5043,0.2483
56,56,358.6667,367.5967,2.4898
57,57,378.5833,382.6419,1.0720
58,58,432.0833,445.4257,3.0879
59,59,364.6667,369.0950,1.2144
60,60,354.8333,364.0156,2.5878
61,61,390.8333,406.8444,4.0966
62,62,487.3333,493.5142,1.2683
63,63,430.7500,400.8816,6.9341
64,64,463.7500,478.6934,3.2223
65,65,387.8333,405.3133,4.5071
66,66,346.9167,353.1711,1.8029
67,67,339.3333,342.1709,0.8362
68,68,381.3333,384.6231,0.8627
69,69,376.8333,372.7487,1.0839
70,70,343.0833,356.6722,3.9608
71,71,325.4833,330.3350,1.4906
72,72,295.2667,308.9041,4.6187
73,73,339.5333,341.5400,0.5910
74,74,410.4167,399.5972,2.6362
75,75,314.4333,308.6471,1.8402
76,76,336.4833,347.6078,3.3061
77,77,347.7500,350.7043,0.8496
78,78,363.4167,368.6021,1.4268
79,79,383.7500,375.7829,2.0761
80,80,400.5000,403.7560,0.8130
81,81,433.4167,413.4324,4.6109
82,82,453.9167,464.5703,2.3471
83,83,427.9167,447.6573,4.6132
84,84,389.1667,378.6725,2.6966
85,85,366.2500,379.5205,3.6234
86,86,470.7500,487.5208,3.5626
87,87,446.5833,446.1772,0.0909
88,88,364.7000,388.2065,6.4454
89,89,397.0000,375.7953,5.3412
90,90,365.5833,374.2415,2.3683
91,91,365.2500,369.5949,1.1896
92,92,382.9167,380.4144,0.6535
93,93,391.5833,390.9356,0.1654
94,94,368.7500,379.3035,2.8620
95,95,373.7500,371.1269,0.7018
96,96,424.7500,395.7143,6.8359
97,97,337.7500,355.0202,5.1133
98,98,344.3333,351.3422,2.0355
99,99,357.0833,365.4735,2.3496
100,100,376.1667,390.9356,3.9262
101,101,341.7833,354.8082,3.8109
102,102,317.6500,341.0618,7.3703
103,103,378.3333,393.2557,3.9442
104,104,356.3333,359.6223,0.9230
105,105,451.2500,460.2166,1.9871
106,106,453.1667,468.4438,3.3712
107,107,481.8333,395.6948,17.8773
108,108,369.6667,382.6859,3.5219
109,109,304.6667,318.2960,4.4735
110,110,313.1667,309.2422,1.2532
111,111,293.6000,293.8820,0.0960
112,112,331.0833,342.3048,3.3893
113,113,412.2500,406.8444,1.3112
114,114,440.9167,390.9356,11.3357
115,115,436.0000,392.0813,10.0731
116,116,406.4167,374.2296,7.9197
117,117,358.4167,369.5949,3.1188
118,118,358.5833,359.7468,0.3245
119,119,309.5000,298.1031,3.6824
120,120,333.7333,359.5434,7.7337
121,121,474.6667,474.7442,0.0163
122,122,318.8500,322.8006,1.2390
123,123,371.3333,371.6559,0.0869
124,124,358.2500,364.7366,1.8106
125,125,348.2500,369.7526,6.1745
126,126,340.6667,348.6109,2.3320
127,127,356.7500,380.4137,6.6331
128,128,459.9167,460.2053,0.0628
129,129,463.4167,405.3133,12.5380
130,130,368.4167,374.2296,1.5778
131,131,384.6667,385.5547,0.2309
132,132,396.0833,393.1814,0.7326
133,133,417.2500,387.6600,7.0917
134,134,353.0000,356.6757,1.0413
135,135,364.4167,365.1860,0.2111
136,136,355.2500,353.7093,0.4337
137,137,409.5000,420.7466,2.7464
138,138,359.5833,366.6872,1.9756
139,139,369.7500,372.7487,0.8110
140,140,364.3333,373.1164,2.4107
141,141,407.5833,394.4598,3.2198
142,142,438.9167,429.1923,2.2155
143,143,386.8333,372.7373,3.6440
144,144,324.3333,327.7492,1.0532
145,145,399.4167,395.6362,0.9465
146,146,327.8167,346.1366,5.5885
147,147,383.7500,379.0876,1.2150
148,148,342.5833,356.4702,4.0536
149,149,357.5833,372.0129,4.0353
150,150,364.1667,359.2896,1.3392
151,151,370.7500,363.4587,1.9666
152,152,404.4167,409.9388,1.3655
153,153,368.4167,373.4877,1.3765
154,154,391.7500,386.6190,1.3098
155,155,404.8333,388.7259,3.9788
156,156,348.8333,370.2618,6.1429
157,157,381.9167,371.3024,2.7792
158,158,377.6667,367.9553,2.5714
159,159,375.8333,375.7829,0.0134
160,160,505.7500,516.0954,2.0456
161,161,373.7500,368.8505,1.3109
162,162,399.1667,388.7259,2.6156
163,163,386.4167,382.6859,0.9655
164,164,369.0833,385.1175,4.3443
165,165,423.0833,386.6190,8.6187
166,166,457.0833,477.5926,4.4870
167,167,374.1667,356.9508,4.6011
168,168,406.0000,382.9215,5.6844
169,169,431.2500,443.6915,2.8850
170,170,420.7500,380.8477,9.4836
171,171,371.3333,367.6265,0.9983
172,172,413.0000,374.4204,9.3413
173,173,408.1667,393.2557,3.6532
174,174,398.3333,377.6078,5.2031
175,175,298.3000,309.8753,3.8804
176,176,347.8167,357.6642,2.8312
177,177,369.1667,379.7388,2.8638
178,178,345.8167,361.2764,4.4705
179,179,382.7500,374.6121,2.1262
180,180,404.6667,387.6600,4.2026
181,181,375.5000,370.0913,1.4404
182,182,330.1000,324.1345,1.8072
183,183,464.6667,484.9758,4.3707
184,184,416.1667,382.6859,8.0450
185,185,287.0833,286.9402,0.0499
186,186,354.2500,353.5785,0.1895
187,187,386.5833,395.0734,2.1962
188,188,373.5833,380.8617,1.9483
189,189,397.2500,388.7259,2.1458
190,190,374.7500,377.4137,0.7108
191,191,388.2500,392.0813,0.9868
192,192,319.5167,358.9882,12.3535
193,193,342.0000,349.8992,2.3097
194,194,370.0833,371.6670,0.4279
195,195,352.8333,361.9516,2.5843
196,196,356.0000,368.2671,3.4458
197,197,375.3333,386.6190,3.0068
198,198,352.4167,352.5801,0.0464
199,199,375.2500,369.7526,1.4650
200,200,363.3333,370.6699,2.0192
201,201,389.8333,388.1898,0.4216
202,202,295.0500,303.1753,2.7539
203,203,379.0000,365.0294,3.6862
204,204,352.2833,363.6864,3.2369
205,205,364.0833,371.3943,2.0080
206,206,382.6667,383.7589,0.2854
207,207,368.4167,375.7829,1.9994
208,208,384.3333,364.3021,5.2119
209,209,402.7500,388.6585,3.4988
210,210,418.5833,403.7331,3.5477
211,211,446.1667,472.2450,5.8450
212,212,441.5000,388.7259,11.9534
213,213,343.2833,347.6875,1.2829
214,214,392.3333,393.2557,0.2351
215,215,414.6667,405.3133,2.2556
216,216,358.9167,370.6054,3.2567
217,217,326.7333,319.5067,2.2118
218,218,385.0833,380.4005,1.2161
219,219,347.1167,354.3260,2.0769
220,220,337.2333,341.2949,1.2044
221,221,392.5000,377.8159,3.7412
222,222,396.0000,408.4198,3.1363
223,223,384.9167,407.6264,5.8999
224,224,334.8333,347.5400,3.7949
225,225,356.3333,357.0049,0.1885
226,226,391.3333,393.8540,0.6441
227,227,339.4167,348.5507,2.6911
228,228,361.8333,374.2296,3.4260
229,229,366.5000,368.4393,0.5291
230,230,360.7500,375.0105,3.9530
231,231,373.0833,371.7619,0.3542
232,232,411.3333,394.3518,4.1284
233,233,387.9167,378.2485,2.4923
234,234,373.7500,381.3139,2.0238
235,235,333.5333,343.9978,3.1375
236,236,390.1667,379.1010,2.8361
237,237,354.8333,371.6670,4.7441
238,238,376.4167,391.5228,4.0132
239,239,311.9000,342.4355,9.7902
240,240,343.5000,347.3551,1.1223
241,241,327.1500,348.0236,6.3804
242,242,361.6667,366.3892,1.3058
243,243,374.6667,376.1249,0.3892
244,244,353.5000,365.6229,3.4294
245,245,382.3333,368.6021,3.5914
246,246,298.9667,327.2483,9.4598
247,247,297.9667,321.4836,7.8925
248,248,335.0833,336.3621,0.3816
249,249,450.1667,440.9108,2.0561
250,250,359.6667,377.7446,5.0263
251,251,366.5000,371.0416,1.2392
252,252,413.4167,393.2000,4.8901
253,253,360.4167,373.8628,3.7307
254,254,371.4167,373.6748,0.6080
255,255,389.7500,382.2188,1.9323
256,256,447.9167,454.2017,1.4032
257,257,329.9000,348.5220,5.6447
258,258,367.9167,359.2960,2.3431
259,259,352.3333,356.2182,1.1026
260,260,324.5167,335.8421,3.4899
261,261,383.2500,368.6021,3.8220
262,262,357.6667,379.0876,5.9891
263,263,388.5000,389.2684,0.1978
264,264,356.6667,374.0456,4.8726
265,265,337.1167,350.2063,3.8828
266,266,335.7833,350.2574,4.3105
267,267,295.4500,316.4187,7.0972
268,268,370.0000,392.0813,5.9679
269,269,405.5833,378.2353,6.7429
270,270,346.9167,368.7656,6.2980
271,271,391.1667,389.7657,0.3582
272,272,371.8333,381.9438,2.7191
273,273,327.7333,339.1116,3.4718
274,274,346.8333,351.2522,1.2741
275,275,359.0000,370.1357,3.1019
276,276,316.5833,339.0909,7.1095
277,277,328.5333,342.8890,4.3696
278,278,385.6667,381.2997,1.1323
279,279,346.0000,363.2572,4.9876
280,280,437.7500,394.4598,9.8893
281,281,385.5833,390.8649,1.3698
282,282,439.5833,463.6852,5.4829
283,283,450.3333,415.0936,7.8252
284,284,375.2500,385.6018,2.7586
285,285,407.7500,400.8816,1.6845
286,286,373.0833,368.9299,1.1133
287,287,346.4167,348.4901,0.5985
288,288,367.6667,370.1019,0.6624
289,289,305.9333,310.0034,1.3304
290,290,414.0000,399.5972,3.4789
291,291,354.4167,368.4291,3.9537
292,292,371.2500,385.6018,3.8658
293,293,320.9500,341.4831,6.3976
294,294,355.5000,376.5835,5.9307
295,295,390.2500,376.9900,3.3978
296,296,406.1667,382.6859,5.7811
297,297,334.7500,346.2934,3.4484
298,298,334.9167,341.3623,1.9245
299,299,335.1667,339.1478,1.1878
300,300,384.5000,377.0028,1.9499
301,301,445.3333,486.0131,9.1347
302,302,366.6667,377.4137,2.9310
303,303,421.4167,457.2022,8.4917
304,304,360.1667,357.1262,0.8442
305,305,373.6667,373.6279,0.0104
306,306,380.0833,382.7006,0.6886
307,307,315.4333,329.9387,4.5985
308,308,386.1667,375.7829,2.6889
309,309,359.4167,363.8821,1.2424
310,310,366.9167,382.9215,4.3620
311,311,348.5000,346.9112,0.4559
312,312,366.0833,394.4598,7.7514
313,313,314.1833,319.4746,1.6841
314,314,374.5000,375.7829,0.3426
315,315,294.9667,289.1925,1.9576
316,316,369.6667,380.4137,2.9072
317,317,323.2833,333.2444,3.0812
318,318,392.8333,379.1010,3.4957
319,319,329.0833,344.5974,4.7143
320,320,373.7500,375.1930,0.3861
321,321,370.0000,388.7259,5.0611
322,322,315.1000,322.7747,2.4356
323,323,365.8333,390.3033,6.6888
324,324,333.7500,348.8634,4.5284
325,325,364.1667,356.1144,2.2111
326,326,383.8333,393.2743,2.4596
327,327,379.0000,390.9356,3.1492
328,328,333.0833,329.4601,1.0878
329,329,422.0833,406.0973,3.7874
330,330,298.2000,291.5349,2.2351
331,331,340.7833,346.5066,1.6795
332,332,302.1500,321.3079,6.3405
333,333,424.0000,379.1010,10.5894
334,334,302.1333,312.5690,3.4540
335,335,309.8333,318.6145,2.8342
336,336,366.3333,381.2997,4.0854
337,337,377.0833,375.7829,0.3449
338,338,389.1667,374.2415,3.8352
339,339,368.5833,359.5060,2.4628
340,340,429.4167,388.7259,9.4758
341,341,302.9333,282.1288,6.8677
342,342,376.0000,382.2188,1.6539
343,343,355.9167,368.2671,3.4700
344,344,304.2833,320.2735,5.2550
345,345,350.4167,372.5080,6.3043
346,346,365.4167,374.6121,2.5164
347,347,357.7500,362.9591,1.4561
348,348,278.3000,273.0067,1.9020
349,349,348.1667,361.8181,3.9209
350,350,327.7333,333.7546,1.8372
351,351,382.4167,381.7567,0.1726
352,352,345.0000,378.2353,9.6334
353,353,368.7500,378.6592,2.6872
354,354,307.6667,337.3465,9.6467
355,355,387.9167,378.6725,2.3830
356,356,386.6667,373.8628,3.3114
357,357,381.5833,367.6364,3.6550
358,358,353.5000,353.6817,0.0514
359,359,306.0667,324.2852,5.9525
360,360,353.7000,365.0386,3.2057
361,361,376.5833,367.0072,2.5429
362,362,413.0833,388.7259,5.8965
363,363,384.1667,370.2618,3.6195
364,364,327.0000,340.9181,4.2563
365,365,431.7500,388.7259,9.9651
366,366,426.8333,407.1363,4.6147
367,367,409.8333,380.8477,7.0726
368,368,385.3333,395.6948,2.6890
369,369,323.9167,350.1649,8.1034
370,370,306.2333,313.1016,2.2428
371,371,417.4167,393.2557,5.7882
372,372,362.2500,368.1159,1.6193
373,373,362.5000,366.2365,1.0308
374,374,291.2000,299.1473,2.7292
375,375,398.0000,384.6078,3.3649
376,376,368.3333,372.7373,1.1956
377,377,415.9167,397.6078,4.4021
378,378,333.9833,331.2883,0.8069
379,379,370.4167,382.2188,3.1862
380,380,362.1667,372.9206,2.9693
381,381,347.3333,365.0367,5.0969
382,382,291.0500,302.8298,4.0474
383,383,286.3833,303.4123,5.9462
384,384,327.2833,339.9513,3.8706
385,385,344.0000,352.8420,2.5704
386,386,301.4333,307.3447,1.9611
387,387,323.6833,321.4940,0.6764
388,388,353.3333,367.7855,4.0902
389,389,364.9167,369.0847,1.1422
390,390,355.0000,359.7468,1.3371
391,391,315.1833,331.1371,5.0617
392,392,338.3333,354.6012,4.8082
393,393,403.4167,380.8477,5.5945
394,394,351.1667,362.2120,3.1453
395,395,378.1667,384.1192,1.5740
396,396,308.0167,315.3752,2.3890
397,397,362.0833,378.2353,4.4608
398,398,285.0500,302.5088,6.1248
399,399,344.0000,354.0884,2.9327
400,400,377.6667,380.3588,0.7128
401,401,369.1667,370.9631,0.4866
402,402,325.3667,345.6957,6.2480
403,403,328.9333,349.7215,6.3199
404,404,400.6667,385.6018,3.7599
405,405,427.7500,388.7259,9.1231
406,406,343.0000,354.4418,3.3358
407,407,325.2833,332.9705,2.3632
408,408,363.2000,372.1589,2.4667
409,409,370.0833,384.6231,3.9288
410,410,341.8333,353.9213,3.5362
411,411,408.8333,393.1814,3.8284
412,412,384.3333,383.3294,0.2612
413,413,352.1667,363.7404,3.2864
414,414,247.1833,252.7462,2.2505
415,415,293.3667,307.4159,4.7890
416,416,277.5500,271.1536,2.3046
417,417,388.9167,375.7953,3.3738
418,418,362.9167,374.2296,3.1172
419,419,417.5833,388.7259,6.9106
420,420,444.1667,395.6948,10.9130
421,421,393.7500,382.6859,2.8099
422,422,379.2000,379.0876,0.0296
423,423,370.5833,374.2296,0.9839
424,424,430.9167,413.4324,4.0575
425,425,344.5000,350.1649,1.6444
426,426,392.8333,398.9253,1.5508
427,427,389.5000,378.2485,2.8887
428,428,345.0833,350.9725,1.7066
429,429,356.2500,363.4587,2.0235
430,430,393.1667,382.6859,2.6657
431,431,358.7500,361.9516,0.8924
432,432,305.9000,307.5179,0.5289
433,433,331.9833,336.4143,1.3347
434,434,473.2500,472.5459,0.1488
435,435,315.3333,338.2539,7.2687
436,436,289.4667,290.3868,0.3179
437,437,344.7000,346.3656,0.4832
438,438,412.0000,371.1378,9.9180
439,439,293.9500,307.8316,4.7225
440,440,407.9167,406.8444,0.2629
441,441,385.0000,373.8628,2.8928
442,442,326.8167,333.8133,2.1408
443,443,356.6167,356.2182,0.1117
444,444,349.1667,346.6003,0.7350
445,445,369.1667,377.4008,2.2305
446,446,345.0833,364.6002,5.6557
447,447,336.5333,340.9410,1.3097
448,448,360.7500,374.5761,3.8326
449,449,189.2095,196.3632,3.7808
450,450,396.9167,384.6078,3.1011
451,451,293.3833,275.7143,6.0225
452,452,347.3333,363.4027,4.6265
453,453,358.4167,371.6670,3.6969
454,454,337.5833,350.2356,3.7479
455,455,370.3333,365.0340,1.4310
456,456,275.9167,268.8887,2.5471
457,457,360.9167,363.0320,0.5861
458,458,391.6667,386.6190,1.2888
459,459,402.2500,397.2837,1.2346
460,460,386.0833,370.2618,4.0979
461,461,303.9167,313.7308,3.2292
462,462,362.1667,375.4009,3.6542
463,463,247.8500,262.2262,5.8004
464,464,390.0000,383.1583,1.7543
465,465,314.4833,337.9398,7.4587
466,466,368.0000,363.9818,1.0919
467,467,358.7500,364.8918,1.7120
468,468,359.3333,365.9675,1.8462
469,469,336.0000,354.0852,5.3825
470,470,344.0833,344.6568,0.1667
471,471,338.3333,352.3335,4.1380
472,472,290.7167,299.9597,3.1794
473,473,418.8333,392.0813,6.3873
474,474,402.0000,388.7259,3.3020
475,475,273.7167,268.8887,1.7638
476,476,299.6000,315.3327,5.2512
477,477,299.0667,302.3346,1.0927
478,478,364.9167,372.3846,2.0465
479,479,269.5833,272.6879,1.1516
480,480,378.1667,384.6231,1.7073
481,481,370.2500,379.0472,2.3760
482,482,372.2500,375.7829,0.9491
483,483,372.8667,372.3733,0.1323
484,484,358.8333,387.1364,7.8875
485,485,348.7500,343.9038,1.3896
486,486,386.9167,383.6361,0.8479
487,487,298.5833,319.7105,7.0758
488,488,284.8500,311.1093,9.2187
489,489,369.5833,382.6859,3.5452
490,490,381.0833,384.6078,0.9248
491,491,306.2167,315.2912,2.9634
492,492,362.9167,380.8617,4.9447
493,493,410.5000,379.0876,7.6522
494,494,419.9167,395.6948,5.7683
495,495,395.9167,393.2557,0.6721
496,496,349.1667,369.2732,5.7584
497,497,332.2000,352.2954,6.0492
498,498,405.0833,414.3125,2.2783
499,499,341.7000,343.6775,0.5787
500,500,300.7167,319.3502,6.1964
501,501,336.4167,361.6890,7.5122
502,502,320.1667,337.3074,5.3537
503,503,301.7167,324.1777,7.4444
504,504,365.9167,366.5427,0.1711
505,505,325.8333,329.6898,1.1836
506,506,391.8333,375.7953,4.0931
507,507,272.4333,290.5375,6.6454
508,508,354.3333,354.7127,0.1071
509,509,380.5833,376.1936,1.1534
510,510,331.0000,339.7188,2.6341
511,511,358.0833,352.0972,1.6717
512,512,315.8333,326.4462,3.3603
513,513,385.0000,398.8627,3.6007
514,514,303.3167,317.2187,4.5833
515,515,375.1667,385.3512,2.7147
516,516,320.6833,327.0073,1.9720
517,517,321.1833,327.0073,1.8133
518,518,407.3333,377.7768,7.2561
519,519,319.2000,349.5439,9.5062
520,520,380.0833,375.7953,1.1282
521,521,339.5833,346.6801,2.0898
522,522,274.9833,268.8887,2.2164
523,523,330.0000,332.1248,0.6439
524,524,0.0000,0.0000,0.0000
525,525,349.2500,354.6508,1.5464
526,526,392.9167,388.1898,1.2030
527,527,326.0833,341.9496,4.8657
528,528,322.5000,348.4231,8.0382
529,529,355.6667,361.8364,1.7347
530,530,314.3167,335.8085,6.8376
531,531,383.0833,352.3920,8.0117
532,532,337.0000,354.2917,5.1311
533,533,428.1667,399.5972,6.6725
534,534,263.8833,266.8297,1.1165
535,535,307.9500,320.2003,3.9780
536,536,332.2500,347.7754,4.6728
537,537,353.2000,359.1254,1.6776
538,538,297.6167,324.0520,8.8823
539,539,324.6667,357.1884,10.0170
540,540,327.3333,340.7087,4.0862
541,541,349.7500,357.9378,2.3411
542,542,318.2667,323.3831,1.6076
543,543,367.8333,367.6364,0.0535
544,544,368.4167,366.5331,0.5113
545,545,340.5000,338.1657,0.6855
546,546,421.1667,399.5972,5.1214
547,547,334.9167,321.9421,3.8740
548,548,361.5833,370.6054,2.4951
549,549,377.7500,363.9818,3.6448
550,550,368.5833,359.9488,2.3426
551,551,341.3333,333.9107,2.1746
552,552,364.4167,374.5761,2.7879
553,553,314.0833,319.5455,1.7391
554,554,320.0833,316.6992,1.0573
555,555,323.9000,341.2213,5.3477
556,556,302.3000,315.7573,4.4516
557,557,353.5000,369.2505,4.4556
558,558,290.4000,294.1856,1.3036
559,559,324.7500,340.6400,4.8930
560,560,363.7500,376.1811,3.4175
561,561,248.3500,262.2262,5.5874
562,562,369.3333,376.5835,1.9630
563,563,342.6667,355.0302,3.6080
564,564,269.8500,269.9936,0.0532
565,565,298.1667,315.1817,5.7066
566,566,298.5167,310.4030,3.9818
567,567,296.0667,308.4117,4.1697
568,568,351.3333,343.8006,2.1440
569,569,333.3667,342.0168,2.5948
570,570,291.1167,298.4589,2.5221
571,571,344.3333,360.5085,4.6975
572,572,363.5833,366.6872,0.8537
573,573,346.5833,355.7832,2.6544
574,574,287.8833,280.3816,2.6058
575,575,311.2167,320.8120,3.0832
576,576,367.8333,388.1898,5.5342
577,577,315.4000,338.7117,7.3912
578,578,226.3167,243.8816,7.7612
579,579,316.3167,337.1499,6.5862
580,580,0.0000,0.0000,0.0000
581,581,365.2500,365.0294,0.0604
582,582,349.5000,374.6121,7.1851
583,583,237.9000,247.8658,4.1891
584,584,309.6167,326.5683,5.4750
585,585,311.8167,321.8398,3.2144
586,586,352.5000,351.2522,0.3540
587,587,311.7333,338.1791,8.4835
588,588,335.8333,337.3122,0.4404
589,589,348.2500,361.0283,3.6693
590,590,346.6667,350.2540,1.0348
591,591,334.8333,339.4627,1.3826
592,592,345.2500,364.0245,5.4379
593,593,373.8333,376.3818,0.6817
594,594,320.0333,341.9252,6.8405
595,595,238.5667,251.0616,5.2375
596,596,296.3500,317.3211,7.0765
597,597,338.8333,348.1904,2.7615
598,598,314.0833,319.5455,1.7391
599,599,271.9000,273.6157,0.6310
600,600,309.6833,328.1025,5.9477
601,601,391.4167,394.4598,0.7775
602,602,340.9500,360.1312,5.6258
603,603,189.2095,196.3632,3.7808
604,604,318.6167,348.3582,9.3346
605,605,227.4333,233.1041,2.4934
606,606,263.3000,271.1536,2.9828
607,607,359.7500,349.2650,2.9145
608,608,314.9000,331.6571,5.3214
609,609,295.8333,269.9936,8.7346
610,610,324.8333,341.1837,5.0335
611,611,376.7500,389.8174,3.4685
612,612,386.0000,379.5341,1.6751
613,613,286.4667,282.9854,1.2153
614,614,248.0667,255.5645,3.0225
615,615,383.6667,384.8542,0.3095
616,616,296.9333,315.4046,6.2207
617,617,282.0667,293.0724,3.9018
618,618,301.1833,322.7676,7.1665
619,619,295.6167,315.4054,6.6941
620,620,301.5333,322.9265,7.0948
621,621,336.7500,353.4777,4.9674
622,622,254.6167,270.2872,6.1546
623,623,324.2500,346.8525,6.9707
624,624,334.1667,352.2893,5.4232
625,625,292.0667,301.0789,3.0857
626,626,283.7000,289.2007,1.9389
627,627,337.7500,343.4744,1.6949
628,628,281.0500,269.4345,4.1329
629,629,278.4000,296.5191,6.5083
630,630,273.7333,293.7437,7.3102
631,631,269.7167,268.8550,0.3195
632,632,253.6333,263.6434,3.9467
633,633,0.0000,0.0000,0.0000
634,634,0.0000,0.0000,0.0000
635,635,254.8667,263.2326,3.2825
636,636,282.7000,299.7320,6.0248
637,637,276.7167,274.9666,0.6325
638,638,297.2667,304.6880,2.4965
639,639,286.0333,318.4451,11.3315
640,640,325.4167,346.0586,6.3432
641,641,349.0000,369.2505,5.8024
642,642,349.0833,338.1657,3.1275
643,643,331.4500,328.6388,0.8482
644,644,338.0000,337.0732,0.2742
645,645,275.0333,293.2478,6.6226
646,646,291.6667,301.9376,3.5214
647,647,334.7500,348.1141,3.9923
648,648,0.0000,0.0000,0.0000
649,649,316.9000,315.3008,0.5046
650,650,270.0167,277.1824,2.6538
651,651,334.0833,333.6447,0.1313
652,652,289.2667,281.2420,2.7741
653,653,0.0000,0.0000,0.0000
654,654,378.6167,374.6121,1.0577
655,655,360.8667,360.8905,0.0066
656,656,297.2167,320.1375,7.7118
657,657,266.4500,263.6434,1.0533
658,658,0.0000,0.0000,0.0000
659,659,270.0667,273.3297,1.2082
660,660,0.0000,0.0000,0.0000
661,661,363.5833,361.0283,0.7027
662,662,343.0833,358.5202,4.4994
663,663,344.5833,357.0120,3.6069
664,664,319.8167,343.5603,7.4241
665,665,345.4167,345.1058,0.0900
666,666,348.6667,361.1485,3.5799
667,667,361.6667,375.7953,3.9065
668,668,255.8333,260.1770,1.6978
669,669,309.3167,320.3676,3.5727
670,670,0.0000,0.0000,0.0000
671,671,341.7500,337.3627,1.2838
672,672,333.5833,345.1145,3.4568
673,673,262.8000,271.1536,3.1787
674,674,288.3833,297.0949,3.0208
675,675,0.0000,0.0000,0.0000
676,676,311.2833,318.3842,2.2811
677,677,298.7667,299.7929,0.3435
678,678,299.5167,316.6606,5.7239
679,679,334.0333,348.8634,4.4397
680,680,247.7000,260.9861,5.3638
681,681,350.5000,366.2835,4.5031
682,682,268.3333,273.0067,1.7416
683,683,301.6333,311.1118,3.1424
684,684,0.0000,0.0000,0.0000
685,685,356.7500,370.2725,3.7905
686,686,327.1667,342.9038,4.8101
687,687,325.9167,338.2815,3.7939
688,688,250.5333,258.3440,3.1176
689,689,250.2833,258.3440,3.2206
690,690,358.1667,359.9464,0.4969
691,691,0.0000,0.0000,0.0000
692,692,251.3333,260.2724,3.5567
693,693,319.4167,337.4018,5.6306
694,694,307.4500,314.2343,2.2066
695,695,335.9167,348.2596,3.6744
696,696,285.6167,276.4382,3.2136
697,697,262.5000,275.0099,4.7657
698,698,322.4333,334.3597,3.6989
699,699,307.0000,314.7583,2.5271
700,700,314.2667,323.4279,2.9151
701,701,248.3500,262.2262,5.5874
702,702,298.3333,304.8161,2.1730
703,703,0.0000,0.0000,0.0000
704,704,296.3333,272.3732,8.0855
705,705,323.1167,342.6019,6.0304
706,706,318.6667,335.8054,5.3783
707,707,349.2500,351.5260,0.6517
708,708,338.8333,347.4574,2.5452
709,709,268.2667,267.8353,0.1608
710,710,323.5000,344.4619,6.4797
711,711,0.0000,0.0000,0.0000
712,712,283.9000,306.1072,7.8222
713,713,261.9667,264.0763,0.8053
714,714,352.5833,358.8932,1.7896
715,715,296.6000,309.2018,4.2487
716,716,284.2000,306.6871,7.9124
717,717,336.8333,352.2713,4.5833
718,718,303.7167,320.9714,5.6812
719,719,315.6500,309.7892,1.8567
720,720,320.8333,335.2655,4.4983
721,721,287.0000,283.9869,1.0499
722,722,289.4667,277.9480,3.9793
723,723,302.4167,315.1304,4.2040
724,724,310.2000,318.8427,2.7862
725,725,314.9333,342.2173,8.6634
726,726,337.5833,353.4714,4.7064
727,727,280.8667,274.3244,2.3293
728,728,334.3667,350.7925,4.9125
729,729,299.4833,305.2774,1.9347
730,730,343.5833,356.8983,3.8753
731,731,0.0000,0.0000,0.0000
732,732,0.0000,0.0000,0.0000
733,733,311.5833,323.2409,3.7414
734,734,335.2667,355.5765,6.0578
735,735,266.6500,274.9774,3.1230
736,736,336.8333,344.1692,2.1779
737,737,259.6500,269.4086,3.7584
738,738,351.3667,364.7047,3.7960
739,739,311.1500,324.3387,4.2387
740,740,296.2667,309.4848,4.4616
741,741,278.6167,274.6649,1.4184
742,742,293.7833,307.7564,4.7562
743,743,236.7333,252.2030,6.5347
744,744,0.0000,0.0000,0.0000
745,745,290.5333,284.4700,2.0870
746,746,0.0000,0.0000,0.0000
747,747,363.1667,373.4761,2.8388
748,748,362.5000,374.6121,3.3413
749,749,318.4167,330.5547,3.8120
750,750,0.0000,0.0000,0.0000
751,751,308.2667,318.8707,3.4399
752,752,319.5333,345.7655,8.2095
753,753,330.0000,332.9917,0.9066
754,754,342.4167,364.5957,6.4772
755,755,0.0000,0.0000,0.0000
756,756,351.0000,356.2251,1.4886
757,757,270.9167,264.9496,2.2025
758,758,333.4167,344.7414,3.3966
759,759,293.4833,300.3261,2.3316
760,760,285.4833,277.1824,2.9077
761,761,265.6333,264.9496,0.2574
762,762,228.4167,237.5001,3.9767
763,763,284.2000,306.6871,7.9124
764,764,330.7667,378.6792,14.4853
765,765,332.9167,335.4612,0.7643
766,766,243.6000,252.8636,3.8028
767,767,323.2833,329.6765,1.9776
768,768,314.0000,334.1424,6.4148
769,769,308.5833,310.3325,0.5668
770,770,251.3833,263.8554,4.9614
771,771,330.5000,341.9734,3.4715
772,772,0.0000,0.0000,0.0000
773,773,0.0000,0.0000,0.0000
774,774,267.6167,274.9666,2.7464
775,775,248.8167,262.6163,5.5461
776,776,347.3333,361.9670,4.2132
777,777,330.5000,346.2910,4.7779
778,778,317.0000,324.8134,2.4648
779,779,261.0833,270.5664,3.6322
780,780,260.0000,263.8620,1.4854
781,781,262.1667,268.3558,2.3608
782,782,304.2667,323.3571,6.2742
783,783,305.3667,318.6926,4.3639
784,784,267.6833,271.1165,1.2825
785,785,288.7000,318.4153,10.2928
786,786,321.6667,337.8031,5.0165
787,787,281.7500,297.9050,5.7338
788,788,0.0000,0.0000,0.0000
789,789,329.7000,334.8395,1.5588
790,790,0.0000,0.0000,0.0000
791,791,281.5500,303.9937,7.9715
792,792,293.7333,302.1472,2.8644
793,793,250.3833,263.0208,5.0472
794,794,227.7000,236.5805,3.9001
795,795,259.4500,262.4234,1.1460
796,796,305.2000,308.2608,1.0029
797,797,287.7500,303.7957,5.5763
798,798,0.0000,0.0000,0.0000
799,799,322.2500,331.6522,2.9177
800,800,283.4333,305.8813,7.9200
801,801,284.1667,293.7573,3.3750
802,802,0.0000,0.0000,0.0000
803,803,309.8667,312.0765,0.7132
804,804,302.3833,327.5743,8.3308
805,805,282.6167,294.8638,4.3335
806,806,280.0167,283.9271,1.3965
807,807,311.6000,338.6027,8.6658
808,808,0.0000,0.0000,0.0000
809,809,371.2500,384.5464,3.5815
810,810,273.6333,299.2271,9.3533
811,811,313.9167,320.4917,2.0945
812,812,377.5000,377.4137,0.0229
813,813,290.0500,294.4504,1.5171
814,814,288.7833,305.8660,5.9154
815,815,320.6000,354.9273,10.7072
816,816,325.5333,320.7171,1.4795
817,817,276.9333,267.8353,3.2853
818,818,345.9167,366.0749,5.8275
819,819,273.6500,276.3923,1.0021
820,820,435.0000,453.7263,4.3049
821,821,304.2000,315.4630,3.7025
822,822,338.4167,346.9112,2.5101
823,823,297.4500,301.8493,1.4790
824,824,259.1333,270.5664,4.4121
825,825,261.0333,272.3829,4.3480
826,826,338.7500,349.8992,3.2913
827,827,261.1000,262.4234,0.5069
828,828,361.4167,374.2415,3.5485
829,829,232.4167,238.8108,2.7511
830,830,240.4667,256.0928,6.4983
831,831,250.6500,253.2757,1.0475
832,832,335.0833,341.9971,2.0633
833,833,326.0000,336.7309,3.2917
834,834,296.3333,272.3732,8.0855
835,835,290.0833,283.9869,2.1016
836,836,252.7500,257.1188,1.7285
837,837,295.8333,272.3732,7.9302
838,838,250.5833,261.0609,4.1813
839,839,269.8167,273.3297,1.3020
840,840,350.3333,353.7814,0.9842
841,841,280.6167,277.9480,0.9510
842,842,295.5833,319.1573,7.9754
843,843,216.2333,227.3200,5.1272
844,844,276.7667,267.8353,3.2271
845,845,341.2833,356.6722,4.5091
846,846,0.0000,0.0000,0.0000
847,847,338.4000,349.2014,3.1919
848,848,289.4667,290.8640,0.4827
849,849,301.0833,307.4717,2.1218
850,850,281.6167,292.7380,3.9491
851,851,293.7333,307.4015,4.6533
852,852,273.6833,290.0005,5.9621
853,853,286.3500,298.5836,4.2722
854,854,326.0667,333.3899,2.2459
855,855,307.8333,315.2026,2.3939
856,856,392.0833,375.7829,4.1574
857,857,329.1667,346.2886,5.2016
858,858,0.0000,0.0000,0.0000
859,859,389.8333,380.8055,2.3158
860,860,315.3167,301.9881,4.2270
861,861,231.2833,239.6256,3.6070
862,862,233.0167,247.6713,6.2891
863,863,0.0000,0.0000,0.0000
864,864,267.6833,271.1165,1.2825
865,865,288.6833,304.2015,5.3755
866,866,294.7500,313.7841,6.4577
867,867,303.0500,311.0939,2.6543
868,868,293.0000,312.7391,6.7369
869,869,273.0833,271.4528,0.5971
870,870,269.2000,277.1824,2.9652
871,871,251.8333,260.2724,3.3511
872,872,320.4167,342.2873,6.8257
873,873,256.8833,263.8620,2.7167
874,874,269.2000,277.1824,2.9652
875,875,0.0000,0.0000,0.0000
876,876,202.4000,206.7116,2.1302
877,877,336.4167,355.4590,5.6603
878,878,269.5000,265.8687,1.3474
879,879,0.0000,0.0000,0.0000
880,880,353.7500,363.1794,2.6656
881,881,273.7167,272.3829,0.4873
882,882,314.1667,327.6348,4.2869
883,883,303.6000,314.2329,3.5023
884,884,256.5500,274.9724,7.1808
885,885,291.3833,306.1930,5.0825
886,886,267.5333,272.3439,1.7981
887,887,272.8667,289.1358,5.9623
888,888,256.5500,266.1905,3.7577
889,889,287.9167,287.9606,0.0152
890,890,293.7333,300.3261,2.2445
891,891,276.6667,268.8887,2.8113
892,892,341.7500,364.0245,6.5178
893,893,256.2500,258.2598,0.7843
894,894,256.5000,269.9936,5.2606
895,895,278.8500,265.8761,4.6526
896,896,357.9167,376.1811,5.1030
897,897,259.7500,269.1600,3.6227
898,898,247.8333,262.0310,5.7287
899,899,265.9500,272.3439,2.4042
900,900,353.3333,336.1618,4.8599
901,901,0.0000,0.0000,0.0000
902,902,284.2000,306.6871,7.9124
903,903,265.3000,275.7143,3.9255
904,904,251.2500,268.8887,7.0204
905,905,234.4333,247.6725,5.6473
906,906,316.1667,335.3361,6.0631
907,907,297.2333,310.9838,4.6262
908,908,316.4333,312.3834,1.2799
909,909,320.7833,332.2853,3.5856
910,910,260.0167,277.1824,6.6018
911,911,292.4833,315.5698,7.8933
912,912,270.8000,269.7123,0.4017
913,913,327.6167,332.8920,1.6102
914,914,331.1667,338.0134,2.0675
915,915,242.0000,252.6383,4.3960
916,916,189.2095,196.3632,3.7808
917,917,321.8167,323.1672,0.4197
918,918,331.5833,332.8871,0.3932
919,919,307.7167,313.8072,1.9793
920,920,226.2833,243.5184,7.6166
921,921,309.8167,316.6070,2.1917
922,922,335.7833,348.5562,3.8039
923,923,263.4833,272.3829,3.3777
924,924,314.6667,349.8086,11.1680
925,925,309.7167,312.6169,0.9364
926,926,308.5000,317.0693,2.7777
927,927,283.4667,277.8995,1.9640
928,928,282.7000,299.7320,6.0248
929,929,281.1333,272.3732,3.1160
930,930,308.4000,337.3987,9.4029
931,931,319.1500,349.6309,9.5506
932,932,406.7500,403.8248,0.7192
933,933,299.4000,307.6144,2.7436
934,934,293.0667,294.6160,0.5287
935,935,265.4000,278.7357,5.0247
936,936,308.9167,322.9716,4.5497
937,937,303.7500,330.9240,8.9462
938,938,255.1333,269.4345,5.6054
939,939,274.7000,274.6649,0.0128
940,940,293.7667,302.8465,3.0908
941,941,0.0000,0.0000,0.0000
942,942,226.2833,243.5184,7.6166
943,943,0.0000,0.0000,0.0000
944,944,0.0000,0.0000,0.0000
945,945,272.3667,282.1288,3.5842
946,946,242.8500,259.1510,6.7124
947,947,285.4167,293.3207,2.7693
948,948,240.7000,259.5479,7.8305
949,949,324.7833,348.5899,7.3300
950,950,397.3333,386.6190,2.6966
951,951,289.3500,298.1718,3.0488
952,952,295.5167,310.0837,4.9293
953,953,302.8500,321.0387,6.0059
954,954,318.0000,319.3843,0.4353
955,955,300.7667,309.3206,2.8440
956,956,324.2333,351.2551,8.3340
957,957,287.2500,297.0949,3.4273
958,958,262.6333,264.0763,0.5494
959,959,270.0667,273.3297,1.2082
960,960,270.0667,273.3297,1.2082
961,961,270.0667,273.3297,1.2082
962,962,249.7333,252.5830,1.1411
963,963,371.8333,374.6121,0.7473
964,964,285.1167,277.9480,2.5143
965,965,222.8833,235.8773,5.8299
966,966,288.5167,300.0009,3.9804
967,967,288.8000,316.6030,9.6271
968,968,273.6333,265.8687,2.8376
969,969,275.5167,280.3586,1.7574
970,970,289.5333,304.5266,5.1784
971,971,294.1167,316.7105,7.6819
972,972,263.6167,267.8433,1.6033
973,973,214.6667,231.9829,8.0666
974,974,309.0833,313.2866,1.3599
975,975,214.6667,231.9829,8.0666
976,976,309.4667,307.7434,0.5568
977,977,267.9500,268.8550,0.3378
978,978,281.5333,270.5664,3.8954
979,979,0.0000,0.0000,0.0000
980,980,306.2667,328.0667,7.1180
981,981,308.7167,307.5474,0.3787
982,982,0.0000,0.0000,0.0000
983,983,294.9667,301.6976,2.2819
984,984,280.6500,265.8687,5.2668
985,985,250.5500,260.8944,4.1287
986,986,279.8667,272.3341,2.6915
987,987,317.3167,306.4312,3.4305
988,988,273.7667,271.1165,0.9680
989,989,275.7167,277.5744,0.6738
990,990,326.7667,356.1110,8.9802
991,991,277.9333,296.6641,6.7393
992,992,0.0000,0.0000,0.0000
993,993,247.7333,260.6052,5.1959
994,994,275.9833,302.0557,9.4471
995,995,0.0000,0.0000,0.0000
996,996,257.6333,261.6465,1.5577
997,997,265.3667,264.0696,0.4888
998,998,260.0167,277.1824,6.6018
999,999,264.7500,272.3439,2.8683
1000,1000,306.4333,334.0815,9.0226
1001,1001,293.9167,311.2189,5.8868
1002,1002,248.8167,262.6163,5.5461
1003,1003,250.1500,253.2757,1.2495
1004,1004,250.1833,257.7779,3.0356
